Order_ID,Order_Date,Category,Region,Sales,Quantity,Profit,Customer
O1001,2026-01-05,Technology,South,1200,2,300.0,Arun
O1002,2026-01-07,Furniture,South,450,3,80.0,Priya
O1003,2026-01-10,Office Supplies,West,300,5,60.0,Rahul
O1004,2026-01-12,Technology,East,850,1,170.0,Sneha
O1005,2026-01-15,Furniture,North,700,2,140.0,Vijay
O1006,2026-01-18,Office Supplies,South,250,4,50.0,Anita
O1007,2026-01-20,Technology,West,1500,3,375.0,Karthik
O1008,2026-01-22,Furniture,East,550,2,,Meena
O1009,2026-01-25,Office Supplies,North,400,6,90.0,Suresh
O1010,2026-01-27,Technology,South,950,2,190.0,Divya
O1011,2026-01-29,Furniture,,650,1,130.0,Naveen
O1012,2026-01-31,Office Supplies,West,275,5,55.0,Lakshmi
